{
    "escenario_2_c10-vm2_20250624-214757.log": 0.211737,
    "escenario_0_c10-vm2_20250624-214559.log": 0.173895,
    "escenario_1_c10-vm2_20250624-214656.log": 0.175316,
    "escenario_0_c30-vm1_20250624-214637.log": 0.184421,
    "escenario_2_c30-vm1_20250624-214757.log": 0.258579,
    "escenario_1_c30-vm1_20250624-214656.log": 0.283526,
    "escenario_2_c10-vm3_20250624-214757.log": 0.357632,
    "escenario_1_c10-vm3_20250624-214656.log": 0.146895,
    "escenario_0_c10-vm3_20250624-214618.log": 0.288737
}