{
    "escenario_0_c10-vm3_20250629-000155.log": 16.06606,
    "escenario_0_c10-vm2_20250629-000105.log": 0.1711,
    "escenario_0_c30-vm1_20250629-000244.log": 20.0474,
    "escenario_1_c10-vm2_20250629-000333.log": 0.24006,
    "escenario_2_c30-vm1_20250629-000604.log": 27.46738,
    "escenario_2_c10-vm2_20250629-000604.log": 0.25414,
    "escenario_1_c10-vm3_20250629-000333.log": 20.47792,
    "escenario_1_c30-vm1_20250629-000333.log": 22.21446,
    "escenario_2_c10-vm3_20250629-000604.log": 27.1688
}