{
    "escenario_1_c10-vm2_20250624-220316.log": 0.179105,
    "escenario_0_c30-vm1_20250624-220257.log": 9.253105,
    "escenario_0_c10-vm2_20250624-220219.log": 0.182053,
    "escenario_2_c30-vm1_20250624-220417.log": 19.363421,
    "escenario_1_c30-vm1_20250624-220316.log": 19.762789,
    "escenario_1_c10-vm3_20250624-220316.log": 5.097158,
    "escenario_0_c10-vm3_20250624-220238.log": 1.029368,
    "escenario_2_c10-vm2_20250624-220417.log": 0.180579,
    "escenario_2_c10-vm3_20250624-220417.log": 9.673842
}